"elapsed_ms","phase","profile_speed_mm_s","measured_speed_mm_s","acceleration_command_mm_s2","acceleration_measured_mm_s2","yaw_command_mdeg_s","gyro_heading_progress_mdeg","encoder_heading_progress_mdeg","left_output_permille","right_output_permille","left_measured_cps","right_measured_cps","left_target_cps","right_target_cps","line_position_x1000"
"18800","approaching","107","92","-55","-199","-28000","325910","552869","246","120","700","500","893","489","1000"
"18900","approaching","103","92","-32","-80","-28000","326880","554600","237","117","750","450","867","463","1000"
"19000","approaching","101","96","-6","25","-28000","328050","556677","231","112","800","450","854","450","1000"
"19100","approaching","100","92","0","-6","-28000","329610","558824","237","111","750","450","848","444","1000"
"19200","approaching","100","92","0","-11","-28000","331060","561248","234","116","800","400","848","444","1000"
"19300","approaching","100","96","0","27","-28000","332280","563741","236","111","800","450","848","444","1000"
"19400","approaching","100","92","0","-5","-28000","333990","565887","244","111","750","450","848","444","1000"
"19500","approaching","100","96","0","34","-28000","335380","568242","241","112","800","450","848","444","1000"
"19600","approaching","100","88","0","-77","-28000","336830","570665","248","117","750","400","848","444","1000"
"19700","approaching","100","100","0","70","-28000","338360","573227","239","112","850","450","848","444","1000"
"19800","approaching","100","100","0","56","0","339960","575513","185","167","750","550","646","646","0"
"19900","approaching","100","96","0","-13","-27500","340780","576482","252","107","700","550","844","448","1000"
"20000","approaching","100","100","0","69","-11500","341520","578283","208","146","800","500","729","563","500"
"20100","approaching","100","104","0","90","-11500","342590","579806","213","137","750","600","729","563","500"
"20200","approaching","100","100","0","56","-11500","343340","581052","213","143","750","550","729","563","500"
"20300","approaching","100","96","0","-8","-28000","343950","582507","247","116","800","450","848","444","1000"
"20400","approaching","100","92","0","-47","-28000","345130","584584","255","115","750","450","848","444","1000"
"20500","approaching","100","92","0","-51","-28000","346490","587077","251","120","800","400","848","444","1000"
"20600","approaching","100","100","0","48","-11500","347990","589154","219","143","750","550","729","563","500"
"20700","approaching","100","92","0","-39","0","349040","590401","203","171","650","550","646","646","0"
"20800","approaching","100","92","0","-47","-11500","349470","591162","229","146","650","550","729","563","500"
"20900","approaching","100","104","0","82","-28000","349920","592409","252","108","800","550","848","444","1000"
"21000","approaching","100","104","0","77","-11500","350890","594209","216","145","800","550","729","563","500"
"21100","approaching","100","100","0","-7","0","352060","595664","193","172","750","550","646","646","0"
"21200","approaching","100","92","0","-108","-8000","352600","596218","224","151","600","600","703","589","500"
"21300","approaching","100","100","0","42","-11500","352780","596910","224","143","700","600","729","563","500"
"21400","approaching","100","96","0","-54","-11500","353470","598156","223","148","700","550","729","563","500"
"21500","approaching","100","100","0","-5","-3500","354320","599611","200","166","750","550","671","621","0"
"21600","approaching","100","96","0","-58","0","355040","600442","200","170","650","600","646","646","0"
"21700","approaching","100","104","0","47","-11500","355340","600996","215","145","750","600","729","563","500"
"21800","approaching","100","92","0","-111","-11500","355590","601965","220","154","700","500","729","563","500"
"21900","approaching","100","96","0","-44","-11500","356340","602865","226","144","650","600","729","563","500"
"22000","approaching","100","100","0","8","0","356760","603835","195","170","700","600","646","646","0"
"22100","approaching","100","96","0","-55","0","357260","604112","199","170","650","600","646","646","0"
"22200","approaching","100","96","0","-60","-11500","357560","604666","224","145","650","600","729","563","500"
"22300","approaching","100","100","0","2","-11500","357750","605358","220","144","700","600","729","563","500"
"22400","approaching","100","104","0","84","-11500","358120","605981","217","143","750","600","729","563","500"
"22500","approaching","100","96","0","-37","0","358680","606882","201","169","650","600","646","646","0"
"22600","approaching","100","96","0","-35","0","359110","607159","201","170","650","600","646","646","0"
"22700","approaching","100","104","0","75","-3500","359290","607643","199","162","750","600","671","621","0"
"22800","approaching","100","104","0","57","0","359670","608197","195","165","700","650","646","646","0"
"22900","approaching","100","100","0","17","0","359990","608682","194","171","700","600","646","646","0"
"23000","approaching","100","96","0","-19","0","360220","608959","199","172","650","600","646","646","0"
"23100","approaching","100","100","0","24","0","360410","609305","198","168","650","650","646","646","0"
"23200","approaching","100","104","0","82","0","360590","609582","193","169","700","650","646","646","0"
"23300","approaching","100","104","0","54","-11500","360770","610067","213","149","750","600","729","563","500"
"23400","approaching","100","104","0","42","-11500","361080","610967","213","148","750","600","729","563","500"
"23500","approaching","100","96","0","-61","0","361660","611590","197","174","650","600","646","646","0"
"23600","approaching","100","104","0","42","0","361960","612006","190","170","700","650","646","646","0"
"23700","approaching","100","96","0","-88","0","362090","612283","194","175","650","600","646","646","0"
"23800","approaching","100","104","0","49","0","362260","612492","193","165","650","700","646","646","0"
"23900","approaching","100","96","0","-48","0","362440","612906","193","176","650","600","646","646","0"
"24000","approaching","100","92","0","-89","0","362590","613045","198","177","600","600","646","646","0"
"24100","approaching","100","108","0","125","0","362710","613252","187","167","700","700","646","646","0"
"24200","approaching","100","104","0","44","0","362860","613599","186","172","700","650","646","646","0"
"24300","approaching","100","92","0","-100","0","362960","613668","196","178","600","600","646","646","0"
"24400","approaching","100","100","0","13","0","363050","613806","191","173","650","650","646","646","0"
"24500","approaching","100","100","0","17","0","363170","613876","191","173","650","650","646","646","0"
"24600","approaching","100","104","0","98","0","363220","613945","186","174","700","650","646","646","0"
"24700","approaching","100","104","0","65","0","363280","614083","185","174","700","650","646","646","0"
"24800","approaching","100","108","0","85","0","363350","614083","185","168","700","700","646","646","0"
"24900","approaching","100","96","0","-69","0","363400","614153","189","178","650","600","646","646","0"
"25000","approaching","100","96","0","-23","0","363480","614291","190","179","650","600","646","646","0"
"25100","approaching","100","100","0","35","0","363570","614361","190","175","650","650","646","646","0"
"25200","approaching","100","96","0","-8","0","363590","614499","190","181","650","600","646","646","0"
"25300","approaching","100","92","0","-80","0","363720","614707","195","181","600","600","646","646","0"
"25400","approaching","100","104","0","54","0","363810","614914","184","176","700","650","646","646","0"
"25500","approaching","100","96","0","-51","0","363930","615053","189","182","650","600","646","646","0"
"25600","approaching","100","108","0","112","0","364020","615261","183","172","700","700","646","646","0"
"25700","approaching","100","104","0","50","0","364110","615400","188","172","650","700","646","646","0"
"25800","approaching","100","104","0","52","0","364180","615538","187","172","650","700","646","646","0"
"25900","approaching","100","108","0","108","0","364280","615745","182","172","700","700","646","646","0"
"26000","approaching","100","96","0","-60","0","364370","615815","192","178","600","650","646","646","0"
"26100","approaching","100","104","0","62","0","364420","615954","186","173","650","700","646","646","0"
"26200","approaching","100","96","0","-58","0","364540","616162","191","178","600","650","646","646","0"
"26300","approaching","100","100","0","16","0","364600","616231","186","178","650","650","646","646","0"
"26400","approaching","100","100","0","35","0","364650","616299","186","179","650","650","646","646","0"
"26500","approaching","100","104","0","75","0","364690","616162","186","174","650","700","646","646","0"
"26600","approaching","100","96","0","-8","0","364730","616231","192","179","600","650","646","646","0"
"26700","approaching","100","100","0","28","0","364770","616299","186","180","650","650","646","646","0"
"26800","approaching","100","104","0","45","0","364820","616438","181","179","700","650","646","646","0"
"26900","approaching","100","100","0","-12","0","364910","616507","180","184","700","600","646","646","0"
"27000","approaching","100","92","0","-108","0","364980","616508","190","184","600","600","646","646","0"
"27100","approaching","100","100","0","32","0","365040","616715","185","180","650","650","646","646","0"
"27200","approaching","100","96","0","-26","0","365070","616784","186","186","650","600","646","646","0"
"27300","approaching","100","92","0","-89","0","365120","616853","191","186","600","600","646","646","0"
"27400","approaching","100","96","0","-52","0","365220","616992","185","186","650","600","646","646","0"
"27500","approaching","100","96","0","-39","0","365190","616922","185","186","650","600","646","646","0"
"27600","approaching","100","100","0","20","0","365220","616992","185","181","650","650","646","646","0"
"27700","approaching","100","92","0","-109","0","365270","617130","190","187","600","600","646","646","0"
"27800","approaching","100","104","0","65","0","365260","617199","179","181","700","650","646","646","0"
"27900","approaching","100","100","0","-1","0","365270","617199","184","181","650","650","646","646","0"
"28000","approaching","100","100","0","-1","0","365270","617199","184","181","650","650","646","646","0"
"28100","approaching","100","96","0","-58","0","365280","617269","184","186","650","600","646","646","0"
"28200","approaching","100","104","0","53","0","365350","617338","179","181","700","650","646","646","0"
"28300","approaching","100","100","0","-11","0","365310","617270","184","181","650","650","646","646","0"
"28400","approaching","100","96","0","-47","0","365300","617131","189","181","600","650","646","646","0"
"28500","approaching","100","96","0","-52","0","365340","617199","184","186","650","600","646","646","0"
"28600","approaching","100","92","0","-81","0","365280","616923","190","186","600","600","646","646","0"
"28700","approaching","100","96","0","-18","0","365300","616992","185","186","650","600","646","646","0"
"28800","approaching","100","104","0","56","0","365360","617061","180","181","700","650","646","646","0"
"28900","approaching","100","92","0","-116","0","365420","617130","190","186","600","600","646","646","0"
"29000","approaching","100","100","0","9","0","365440","617130","185","181","650","650","646","646","0"
"29100","approaching","100","96","0","-21","0","365440","617130","185","187","650","600","646","646","0"
"29200","approaching","100","92","0","-80","0","365450","617131","191","187","600","600","646","646","0"
"29300","approaching","100","108","0","133","0","365480","617199","180","177","700","700","646","646","0"
"29400","approaching","100","104","0","58","0","365550","617270","185","178","650","700","646","646","0"
"29500","approaching","100","96","0","-49","0","365510","617199","185","187","650","600","646","646","0"
"29600","approaching","100","100","0","15","0","365510","617199","185","182","650","650","646","646","0"
"29700","approaching","100","100","0","9","0","365530","617269","185","183","650","650","646","646","0"
"29800","approaching","100","100","0","12","0","365470","617200","185","182","650","650","646","646","0"
"29900","approaching","100","104","0","62","0","365460","617200","185","177","650","700","646","646","0"
"30000","approaching","100","96","0","-67","0","365500","617338","185","187","650","600","646","646","0"
"30100","approaching","100","100","0","21","0","365460","617200","185","182","650","650","646","646","0"
"30200","approaching","100","96","0","-50","0","365480","617338","185","188","650","600","646","646","0"
"30300","approaching","100","100","0","-11","0","365490","617200","190","177","600","700","646","646","0"
"30400","approaching","100","96","0","-58","0","365470","617269","185","187","650","600","646","646","0"
"30500","approaching","100","100","0","8","0","365520","617269","185","182","650","650","646","646","0"
"30600","approaching","100","100","0","9","0","365490","616993","190","176","600","700","646","646","0"
"30700","approaching","100","96","0","-40","0","365440","616992","185","186","650","600","646","646","0"
"30800","approaching","100","100","0","9","0","365480","617061","180","186","700","600","646","646","0"
"30900","approaching","100","100","0","-10","0","365540","617130","185","181","650","650","646","646","0"
"31000","approaching","100","100","0","6","0","365530","617061","185","181","650","650","646","646","0"
"31100","approaching","100","96","0","-33","0","365540","617130","185","187","650","600","646","646","0"
"31200","approaching","100","96","0","-21","0","365570","617062","191","182","600","650","646","646","0"
"31300","approaching","100","92","0","-77","0","365540","616993","191","187","600","600","646","646","0"
"31400","approaching","100","108","0","132","0","365590","617130","181","178","700","700","646","646","0"
"31500","approaching","100","100","0","-3","0","365580","617131","186","182","650","650","646","646","0"
"31600","approaching","100","100","0","-12","0","365570","617061","186","182","650","650","646","646","0"
"31700","approaching","100","108","0","98","0","365620","617199","180","177","700","700","646","646","0"
"31800","approaching","100","96","0","-60","0","365570","617131","190","182","600","650","646","646","0"
"31900","approaching","100","100","0","7","0","365540","617131","185","182","650","650","646","646","0"
"32000","approaching","100","108","0","127","0","365500","617131","180","177","700","700","646","646","0"
"32100","approaching","100","100","0","18","0","365460","616993","185","181","650","650","646","646","0"
"32200","approaching","100","96","0","-39","0","365430","616992","186","187","650","600","646","646","0"
"32300","approaching","100","108","0","126","0","365500","617061","180","177","700","700","646","646","0"
"32400","approaching","100","100","0","13","0","365410","616923","186","182","650","650","646","646","0"
"32500","approaching","100","96","0","-50","0","365430","616992","186","187","650","600","646","646","0"
"32600","approaching","100","104","0","56","0","365480","616923","186","176","650","700","646","646","0"
"32700","approaching","100","100","0","26","0","365450","616853","186","182","650","650","646","646","0"
"32800","approaching","100","92","0","-96","0","365480","616716","192","186","600","600","646","646","0"
"32900","approaching","100","104","0","56","0","365470","616853","181","181","700","650","646","646","0"
"33000","approaching","100","104","0","59","0","365540","616922","180","181","700","650","646","646","0"
"33100","approaching","100","100","0","12","0","365530","616716","191","176","600","700","646","646","0"
"33200","approaching","100","100","0","22","0","365490","616716","186","181","650","650","646","646","0"
"33300","approaching","100","100","0","51","0","365480","616715","187","182","650","650","646","646","0"
"33400","approaching","100","96","0","-24","0","365470","616784","187","187","650","600","646","646","0"
"33500","approaching","100","100","0","13","0","365530","616785","187","182","650","650","646","646","0"
"33600","approaching","100","104","0","62","0","365480","616646","187","177","650","700","646","646","0"
"33700","approaching","100","100","0","-3","0","365510","616784","187","182","650","650","646","646","0"
"33800","approaching","100","100","0","-19","0","365550","616854","186","182","650","650","646","646","0"
"33900","approaching","100","96","0","-19","0","365530","616923","192","183","600","650","646","646","0"
"34000","approaching","100","100","0","39","0","365550","616992","187","183","650","650","646","646","0"
"34100","approaching","100","100","0","-6","0","365530","616854","187","182","650","650","646","646","0"
"34200","approaching","100","96","0","-59","0","365500","616922","187","188","650","600","646","646","0"
"34300","approaching","100","100","0","7","0","365500","616922","187","182","650","650","646","646","0"
"34400","approaching","100","100","0","-5","0","365490","616854","186","182","650","650","646","646","0"
"34500","approaching","100","100","0","17","0","365430","616716","187","182","650","650","646","646","0"
"34600","approaching","100","104","0","51","0","365440","616784","182","182","700","650","646","646","0"
"34700","approaching","100","92","0","-99","0","365420","616439","198","181","550","650","646","646","0"
"34800","approaching","100","100","0","29","0","365400","616439","188","181","650","650","646","646","0"
"34900","approaching","100","104","0","43","0","365460","616576","182","181","700","650","646","646","0"
"35000","approaching","100","104","0","46","0","365520","616645","182","181","700","650","646","646","0"
"35100","approaching","100","104","0","37","0","365560","616646","186","176","650","700","646","646","0"
"35200","approaching","100","100","0","4","0","365560","616577","186","181","650","650","646","646","0"
"35300","approaching","100","100","0","25","-8000","365560","616645","204","164","650","650","703","589","500"
"35400","approaching","100","100","0","39","-11500","365580","616922","214","154","650","650","729","563","500"
"35500","approaching","100","96","0","-33","-11500","365900","617615","211","164","700","550","729","563","500"
"35600","approaching","100","100","0","10","-27500","366350","618446","247","122","700","600","844","448","1000"
"35700","approaching","100","100","0","1","-12000","366790","619831","205","164","800","500","732","560","500"
"35800","approaching","100","96","0","-64","-3500","367760","621077","196","178","700","550","671","621","0"
"35900","approaching","100","100","0","7","-11500","368240","621839","214","154","700","600","729","563","500"
"36000","approaching","100","100","0","6","-11500","368710","622670","215","153","700","600","729","563","500"
"36100","approaching","100","100","0","7","-28000","369040","623778","249","119","750","550","848","444","1000"
"36200","approaching","100","100","0","21","-11500","370000","625578","214","155","750","550","729","563","500"
"36300","approaching","100","100","0","-1","-11500","370920","626756","218","150","700","600","729","563","500"
"36400","approaching","100","96","0","-61","-11500","371420","627448","224","148","650","600","729","563","500"
"36500","approaching","100","100","0","20","-27500","371900","628279","251","117","750","550","844","448","1000"
"36600","approaching","100","100","0","25","-20000","372630","629941","232","137","800","500","790","502","500"
"36700","approaching","100","92","0","-98","0","373820","631395","202","177","650","550","646","646","0"
"36800","approaching","100","104","0","45","-11500","374580","632157","221","142","700","650","729","563","500"
"36900","approaching","100","104","0","39","-28000","374970","633542","249","113","800","550","848","444","1000"
"37000","approaching","100","92","0","-102","-4000","376170","635688","201","177","750","450","674","618","0"
"37100","approaching","100","96","0","-47","0","377280","636658","195","177","700","550","646","646","0"
"37200","approaching","100","96","0","-10","-28000","377620","637350","259","114","700","550","848","444","1000"
"37300","approaching","100","104","0","75","-28000","378370","639289","251","112","800","550","848","444","1000"
"37400","approaching","100","96","0","-30","-11500","379740","641713","215","159","800","450","729","563","500"
"37500","approaching","100","100","0","11","-8000","380860","642682","215","153","700","600","703","589","500"
"37600","approaching","100","100","0","33","-28000","381240","643652","256","113","750","550","848","444","1000"
"37700","approaching","100","88","0","-114","-28000","382180","645937","258","128","750","400","848","444","1000"
"37800","approaching","100","96","0","-20","-12000","383410","648153","219","158","800","450","732","560","500"
"37900","approaching","100","100","0","15","0","384440","649746","195","177","750","550","646","646","0"
